[

  {
    "tag": "موقف_كبار_الزوار",
    "patterns": [
      "أين يقع موقف كبار الزوار؟",
      "وين مكان موقف VVIP؟",
      "كيف أوصل لموقف VVIP؟",
      "أقرب موقف لكبار الشخصيات وين؟",
      "أحتاج أعرف مكان موقف VVIP في الاستاد",
      "في أي جهة موقف كبار الزوار؟"
    ],
    "responses": [
      "يقع موقف كبار الزوار (VVIP) في الجهة الشرقية من الاستاد، وهو الأقرب لأحد الطرق الرئيسية المؤدية للبوابات."
    ],
    "context_set": ""
  },
  {
    "tag": "مجمع_البث",
    "patterns": [
      "وين مكان مجمع البث؟",
      "أحتاج أعرف موقع مجمع البث",
      "أقرب طريق لمجمع البث وين؟",
      "كيف أوصل لمجمع البث؟",
      "أين يقع مجمع البث؟",
      "من وين أدخل لمجمع البث؟"
    ],
    "responses": [
      "يقع مجمع البث على الجهة الشرقية، جنوب مركز الإعلام، وهو مخصص لمركبات البث التلفزيوني والفرق الفنية."
    ],
    "context_set": ""
  },
  {
    "tag": "مواقف_الجماهير",
    "patterns": [
      "أين مواقف الجماهير؟",
      "وين مواقف المتفرجين؟",
      "كيف أوصل لمواقف الجمهور؟",
      "موقع مواقف الجمهور وين؟",
      "أقرب طريق لمواقف الجماهير؟",
      "من وين أدخل لمواقف المشجعين؟"
    ],
    "responses": [
      "مواقف الجماهير موزعة حول الاستاد في الجهات الشمالية والغربية والجنوبية، وتُعد من أكبر المواقف. يُرجى اتباع اللوحات الإرشادية عند الوصول."
    ],
    "context_set": ""
  },
  {
    "tag": "مركز_الاعتماد",
    "patterns": [
      "أين مركز الاعتماد؟",
      "وين مكان مركز الاعتماد؟",
      "كيف أوصل لمركز الاعتماد؟",
      "أحتاج أعرف مكان الاعتماد",
      "موقع مركز الاعتماد فين؟"
    ],
    "responses": [
      "يقع مركز الاعتماد في الجهة الغربية من الاستاد، شمال منطقة الطاقة، وستجد لافتات إرشادية واضحة عند الوصول."
    ],
    "context_set": ""
  },
  {
    "tag": "الضيافة_التجارية",
    "patterns": [
      "أين تقع قرية الضيافة؟",
      "وين مكان الضيافة التجارية؟",
      "كيف أوصل لمنطقة الضيافة؟",
      "وين موقع قرية الضيافة؟",
      "أحتاج أعرف مكان الضيافة في الاستاد"
    ],
    "responses": [
      "تقع قرية الضيافة في الجهة الجنوبية الغربية من الاستاد، وهي مخصصة للجماهير التي لديها تذاكر ضيافة أو رعاة تجاريين."
    ],
    "context_set": ""
  },
  {
    "tag": "مركز_الإعلام",
    "patterns": [
      "أين مركز الإعلام؟",
      "كيف أوصل لمركز الإعلام؟",
      "وين مكان مركز الصحافة؟",
      "أحتاج أعرف مكان الإعلاميين",
      "موقع مركز الإعلام فين؟"
    ],
    "responses": [
      "يقع مركز الإعلام في الجهة الشمالية الشرقية من الاستاد. يوجد لوحات إرشادية مخصصة لطاقم الإعلام."
    ],
    "context_set": ""
  },
  {
    "tag": "مطبخ_BOH",
    "patterns": [
      "أين مطبخ BOH؟",
      "وين مكان مطبخ التشغيل الخلفي؟",
      "كيف أوصل للمطبخ الخلفي؟",
      "أحتاج أعرف موقع BOH Kitchen",
      "موقع مطبخ BOH فين؟"
    ],
    "responses": [
      "يقع مطبخ BOH في الجهة الشمالية من الاستاد، بالقرب من كافتيريا الأطراف الثالثة، وهو مخصص للتحضير الداخلي."
    ],
    "context_set": ""
  },
  {
    "tag": "نقطة_حل_التذاكر",
    "patterns": [
      "وين أقدر أحل مشكلة التذكرة؟",
      "أين نقطة مشاكل التذاكر؟",
      "في مشكلة بتذكرتي وين أروح؟",
      "كيف أوصل لنقطة حل التذاكر؟",
      "مكان استفسارات التذاكر فين؟"
    ],
    "responses": [
      "نقطة حل مشاكل التذاكر تقع في الجهة الشرقية من الاستاد، قرب مداخل المشاة."
    ],
    "context_set": ""
  },
  {
    "tag": "نقاط_تفتيش_المشاة",
    "patterns": [
      "أين نقاط دخول المشاة؟",
      "وين التفتيش للمشاة؟",
      "من وين يدخلون الناس مشي؟",
      "أحتاج أعرف بوابات المشاة",
      "كيف أوصل لتفتيش المشاة؟"
    ],
    "responses": [
      "نقاط دخول المشاة موزعة حول محيط الاستاد، وتوجد لوحات واضحة ترشد الزوار عند الدخول."
    ],
    "context_set": ""
  },
  {
    "tag": "موقف_ذوي_الاحتياجات",
    "patterns": [
      "أين موقف ذوي الاحتياجات؟",
      "هل فيه مواقف لذوي الإعاقة؟",
      "وين أوقف إذا كنت من ذوي الاحتياجات؟",
      "أقرب موقف مخصص لذوي الهمم؟",
      "كيف أوصل لمواقف ذوي الإعاقة؟"
    ],
    "responses": [
      "المواقف المخصصة لذوي الاحتياجات موزعة بالقرب من مداخل الاستاد في الجهات الأربع، ومحددة بعلامات واضحة."
    ],
    "context_set": ""
  },
  [
    {
      "tag": "موقف_الإعلاميين",
      "patterns": [
        "أين موقف الإعلام؟",
        "وين يوقفون الإعلاميين؟",
        "كيف أوصل لمواقف الصحفيين؟",
        "وين مكان مواقف الإعلام؟",
        "أحتاج أعرف موقف الإعلاميين"
      ],
      "responses": [
        "يقع موقف الإعلام في الجهة الشرقية من الاستاد، بالقرب من مركز الإعلام. يُرجى اتباع اللوحات المخصصة للإعلاميين."
      ],
      "context_set": ""
    },
    {
      "tag": "موقف_FIFA_LOC",
      "patterns": [
        "أين موقف فيفا؟",
        "وين موقف أعضاء اللجنة المنظمة؟",
        "كيف أوصل لموقف FIFA؟",
        "أحتاج أعرف موقف FIFA LOC",
        "موقع مخصص لفيفا فين؟"
      ],
      "responses": [
        "موقف FIFA/LOC يقع في الجهة الشمالية من الاستاد، وهو مخصص لأعضاء الفيفا واللجنة المنظمة."
      ],
      "context_set": ""
    },
    {
      "tag": "موقف_الضيافة",
      "patterns": [
        "أين موقف الضيافة؟",
        "وين مكان مواقف الضيافة؟",
        "كيف أوصل لمواقف كبار الضيوف؟",
        "أحتاج أعرف موقف قرية الضيافة",
        "أقرب موقف لضيوف الرعاة فين؟"
      ],
      "responses": [
        "موقف الضيافة يقع في الجهة الجنوبية الغربية من الاستاد، بالقرب من قرية الضيافة التجارية."
      ],
      "context_set": ""
    },
    {
      "tag": "موقف_الأمن_والسلامة",
      "patterns": [
        "أين موقف سيارات الأمن؟",
        "هل فيه موقف للدوريات؟",
        "كيف أوصل لمواقف الأمن؟",
        "وين سيارات الطوارئ توقف؟",
        "موقع مخصص للأمن فين؟"
      ],
      "responses": [
        "مواقف الأمن والسلامة موزعة في الجهات الشمالية والشرقية والجنوبية، ومخصصة لسيارات الأمن والطوارئ فقط."
      ],
      "context_set": ""
    },
    {
      "tag": "موقف_التسويق",
      "patterns": [
        "أين موقف التسويق؟",
        "وين يوقفون موظفي التسويق؟",
        "كيف أوصل لموقف التسويق؟",
        "موقع مخصص للتسويق فين؟",
        "هل فيه موقف لممثلي الرعاة؟"
      ],
      "responses": [
        "موقف التسويق يقع في الجهة الغربية من الاستاد، ومخصص لفِرق التسويق والمنظمين."
      ],
      "context_set": ""
    },
    {
      "tag": "منطقة_المتطوعين",
      "patterns": [
        "وين مكان المتطوعين؟",
        "أين تقع منطقة المتطوعين؟",
        "كيف أوصل لمركز المتطوعين؟",
        "أحتاج أعرف موقع المتطوعين",
        "موقع مركز العمل التطوعي فين؟"
      ],
      "responses": [
        "منطقة المتطوعين تقع في الجهة الجنوبية الغربية من الاستاد، قرب قرية الضيافة."
      ],
      "context_set": ""
    },
    {
      "tag": "مركز_التقنية",
      "patterns": [
        "أين مركز التقنية؟",
        "وين مركز تكنولوجيا المعلومات؟",
        "كيف أوصل لمركز التقنية؟",
        "أحتاج أعرف موقع IT Compound",
        "موقع تقنية المعلومات فين؟"
      ],
      "responses": [
        "يقع مركز تكنولوجيا المعلومات في الجهة الشمالية الشرقية من الاستاد، وهو مخصص للأعمال التشغيلية."
      ],
      "context_set": ""
    },
    {
      "tag": "مركز_القيادة_التقني",
      "patterns": [
        "أين مركز القيادة التقنية؟",
        "وين غرفة التحكم التقنية؟",
        "كيف أوصل لمركز القيادة؟",
        "أحتاج أعرف مركز إدارة التقنية",
        "موقع القيادة التقنية فين؟"
      ],
      "responses": [
        "يقع مركز القيادة التقنية بجانب مركز تكنولوجيا المعلومات في الجهة الشمالية، غرب المجمع."
      ],
      "context_set": ""
    },
    {
      "tag": "منطقة_النفايات",
      "patterns": [
        "أين تقع نقاط النفايات؟",
        "وين تجمع النفايات؟",
        "كيف أوصل لنقطة التخلص من النفايات؟",
        "أحتاج أعرف مكان تجميع النفايات",
        "نقطة النفايات فين؟"
      ],
      "responses": [
        "نقاط تجميع النفايات موزعة حول محيط الاستاد، وتُستخدم للأغراض التشغيلية فقط."
      ],
      "context_set": ""
    },
    {
      "tag": "الكافتيريا_الخارجية",
      "patterns": [
        "أين الكافتيريا الخارجية؟",
        "وين مكان كافتيريا الجهات الخارجية؟",
        "أحتاج أعرف كافتيريا الطرف الثالث",
        "كيف أوصل للمقصف الخارجي؟",
        "مكان الأكل للضيوف فين؟"
      ],
      "responses": [
        "تقع كافتيريا الطرف الثالث في الجهة الشمالية من الاستاد، وتُخدم الجماهير والموظفين من الجهات الخارجية."
      ],
      "context_set": ""
    },
      {
        "tag": "مطبخ_الخدمات",
        "patterns": [
          "أين يقع المطبخ الخلفي؟",
          "وين مطبخ الخدمات؟",
          "كيف أوصل لمطبخ BOH؟",
          "موقع مطبخ التشغيل الداخلي فين؟",
          "أحتاج أعرف مطبخ BOH"
        ],
        "responses": [
          "يقع مطبخ BOH في الجهة الشمالية من الاستاد، بجانب كافتيريا الطرف الثالث، ويُستخدم للتحضير الداخلي."
        ],
        "context_set": ""
      },
      {
        "tag": "مواقف_ذوي_الاحتياجات",
        "patterns": [
          "أين مواقف ذوي الاحتياجات؟",
          "هل فيه مواقف خاصة للإعاقة؟",
          "وين أوقف إذا معي كرسي متحرك؟",
          "كيف أوصل لمواقف ذوي الإعاقة؟",
          "أقرب مواقف لذوي الهمم وين؟"
        ],
        "responses": [
          "مواقف ذوي الاحتياجات موزعة بالقرب من المداخل في الجهات الأربع، ومحددة بإشارات واضحة وسهلة الوصول."
        ],
        "context_set": ""
      },
      {
        "tag": "نقطة_حل_التذاكر",
        "patterns": [
          "أين نقطة حل التذاكر؟",
          "كيف أقدر أعدل على التذكرة؟",
          "فيه مكان أراجع مشكلتي بالتذكرة؟",
          "أين أروح إذا عندي مشكلة بالتذكرة؟",
          "وين حل مشاكل التذاكر؟"
        ],
        "responses": [
          "نقطة حل مشاكل التذاكر تقع في الجهة الشرقية من الاستاد، بالقرب من مداخل المشاة."
        ],
        "context_set": ""
      },
      {
        "tag": "منطقة_الفرز_الطبي",
        "patterns": [
          "وين منطقة الطوارئ؟",
          "أين موقع الإسعاف الجماعي؟",
          "فيه نقطة فرز للحالات؟",
          "كيف أبلغ عن حالة طارئة؟",
          "فين منطقة الطوارئ؟"
        ],
        "responses": [
          "منطقة الطوارئ (فرز الإصابات الجماعية) موزعة في الشمال والشرق والجنوب والغرب، ومخصصة فقط للحالات الطارئة."
        ],
        "context_set": ""
      },
      {
        "tag": "منطقة_المشجعين",
        "patterns": [
          "وين منطقة المشجعين؟",
          "فين الـFan Zone؟",
          "كيف أوصل لمنطقة الفعاليات؟",
          "أحتاج أعرف مكان الفان زون",
          "أقرب مكان ترفيهي فين؟"
        ],
        "responses": [
          "منطقة المشجعين (Fan Zone) موزعة في الشمال الغربي والغربي والجنوب الغربي من الاستاد، وتوجد بالقرب من الطرق الخارجية."
        ],
        "context_set": ""
      },
      {
        "tag": "مركز_القيادة_الفنية",
        "patterns": [
          "أين مركز القيادة الفنية؟",
          "وين غرفة التحكم الفنية؟",
          "كيف أوصل لمركز التحكم؟",
          "موقع مركز القيادة فين؟",
          "فين موقع إدارة العمليات الفنية؟"
        ],
        "responses": [
          "مركز القيادة الفنية يقع في الجهة الشمالية، بجانب مركز تقنية المعلومات."
        ],
        "context_set": ""
      },
      {
        "tag": "مدخل_السيارات",
        "patterns": [
          "أين تفتيش السيارات؟",
          "وين نقطة فحص السيارات؟",
          "أحتاج أعرف نقطة دخول السيارات",
          "من وين تدخل السيارات؟",
          "فين تفتيش المركبات؟"
        ],
        "responses": [
          "تفتيش المركبات يتم في مداخل محددة حول الاستاد، ومخصص للمصرح لهم فقط."
        ],
        "context_set": ""
      },
      {
        "tag": "فحص_تصاريح_المركبات",
        "patterns": [
          "فين يتم فحص تصاريح السيارات؟",
          "وين نقطة التحقق من تصريح الدخول؟",
          "أحتاج أعرف مكان فحص تصريح السيارة",
          "أين يتم التحقق من تصاريح المركبات؟"
        ],
        "responses": [
          "نقاط فحص تصاريح المركبات موجودة عند مداخل الاستاد الأساسية، فقط للسيارات المصرح لها بالدخول."
        ],
        "context_set": ""
      },
      {
        "tag": "مركز_اللوجستيات",
        "patterns": [
          "أين مركز اللوجستيات؟",
          "وين مكان قسم الخدمات اللوجستية؟",
          "كيف أوصل لمجمع اللوجستيات؟",
          "فين موقع إدارة النقل والخدمات؟"
        ],
        "responses": [
          "مركز اللوجستيات يقع في الجهة الجنوبية، شرق مرفق المشرفين، ومخصص لتنسيق الحركة والخدمات داخل الاستاد."
        ],
        "context_set": ""
      },
      {
        "tag": "مركز_المشرفين",
        "patterns": [
          "أين مركز المشرفين؟",
          "وين مكان إشراف الطاقم؟",
          "فين موقع إشراف المشرفين؟",
          "كيف أوصل لمركز الإشراف؟"
        ],
        "responses": [
          "يقع مركز المشرفين في الجهة الجنوبية من الاستاد، وستجده عبر اللوحات الإرشادية الداخلية."
        ],
        "context_set": ""
      },

    [
  {
    "tag": "مدخل_الحافلات",
    "patterns": [
      "أين موقف الباصات؟",
      "وين تنزل الحافلات؟",
      "كيف أوصل لموقف الباص؟",
      "فين موقع الباصات؟",
      "أحتاج أعرف نقطة نزول الحافلات"
    ],
    "responses": [
      "موقف الحافلات يقع في الجهة الشرقية من الاستاد، وهو مخصص لنقل الزوار من وإلى مناطق التجمع."
    ],
    "context_set": ""
  },
  {
    "tag": "بوابة_المشاة",
    "patterns": [
      "أين مدخل المشاة؟",
      "وين البوابة اللي يدخلون منها الناس؟",
      "فين بوابة الدخول مشي؟",
      "كيف أوصل لبوابة المشاة؟",
      "أحتاج أعرف مدخل المشاة"
    ],
    "responses": [
      "بوابات المشاة موزعة حول محيط الاستاد، وتوجد لوحات واضحة تدل عليها عند الوصول."
    ],
    "context_set": ""
  },
  {
    "tag": "سعة_الاستاد",
    "patterns": [
      "كم عدد مقاعد الاستاد؟",
      "سعة ملعب الجوهرة كم؟",
      "كم يتسع استاد الملك عبدالله؟",
      "كم شخص يقدر يحضر؟",
      "كم متفرج يقدر يجلس؟"
    ],
    "responses": [
      "الاستاد يتسع لأكثر من 57,000 متفرج، وهو من أكبر الملاعب في المملكة."
    ],
    "context_set": ""
  },
  {
    "tag": "أندية_الاستاد",
    "patterns": [
      "أي أندية تلعب في استاد الجوهرة؟",
      "الملعب هذا حق أي نادي؟",
      "مين يستخدم الملعب؟",
      "هل الاتحاد يلعب هنا؟",
      "هل الأهلي يستخدم الجوهرة؟"
    ],
    "responses": [
      "الاستاد يُستخدم من قبل نادي الاتحاد ونادي الأهلي كمقر رسمي لمبارياتهما."
    ],
    "context_set": ""
  },
  {
    "tag": "موقع_الاستاد",
    "patterns": [
      "وين يقع استاد الملك عبدالله؟",
      "أين موقع ملعب الجوهرة؟",
      "كيف أوصل لاستاد الجوهرة؟",
      "الاستاد في أي حي؟",
      "الملعب هذا في أي جهة؟"
    ],
    "responses": [
      "يقع استاد الملك عبدالله شمال مدينة جدة، بالقرب من مطار الملك عبدالعزيز الدولي."
    ],
    "context_set": ""
  },
  {
    "tag": "لقب_الاستاد",
    "patterns": [
      "هل للاستاد اسم ثاني؟",
      "ليش يسمونه الجوهرة؟",
      "هل عنده لقب معين؟",
      "وش معنى الجوهرة المتألقة؟"
    ],
    "responses": [
      "الاستاد يُلقب بـ\"الجوهرة المتألقة\" بسبب تصميمه المعماري الفريد الذي يشبه الجوهرة."
    ],
    "context_set": ""
  },
  {
    "tag": "تاريخ_الاستاد",
    "patterns": [
      "متى افتتح الاستاد؟",
      "من متى موجود استاد الجوهرة؟",
      "في أي سنة بنوا الملعب؟",
      "كم عمر الملعب؟",
      "متى تم تدشينه؟"
    ],
    "responses": [
      "تم افتتاح استاد الملك عبدالله في عام 2014."
    ],
    "context_set": ""
  },
  {
    "tag": "الحضور_الجماهيري",
    "patterns": [
      "كم يحضر جمهور عادة؟",
      "كم متوسط الحضور في المباريات؟",
      "هل دايم يكون مليان؟",
      "قد ايش يحضر جمهور؟"
    ],
    "responses": [
      "متوسط الحضور في الفعاليات الكبرى يقارب 46,000 متفرج، ويصل أحيانًا إلى السعة الكاملة."
    ],
    "context_set": ""
  },
  {
    "tag": "الفعاليات_الدولية",
    "patterns": [
      "هل أقيمت بطولات دولية في الاستاد؟",
      "هل الملعب استضاف كأس العالم للأندية؟",
      "فيه فعاليات دولية هنا؟",
      "وش أهم بطولة أقيمت فيه؟"
    ],
    "responses": [
      "نعم، الاستاد استضاف كأس العالم للأندية 2023، وكان من الملاعب الرئيسية للبطولة."
    ],
    "context_set": ""
  },
  {
    "tag": "كأس_آسيا",
    "patterns": [
      "هل بيصير فيه كأس آسيا؟",
      "هل الجوهرة بيشارك في آسيا 2027؟",
      "هل بيستضيف مباريات آسيوية؟",
      "الاستاد ضمن بطولة آسيا؟"
    ],
    "responses": [
      "نعم، استاد الملك عبدالله سيكون من الملاعب التي تستضيف كأس آسيا 2027."
    ],
    "context_set": ""
  },
    {
      "tag": "مدخل_الحافلات",
      "patterns": [
        "أين موقف الباصات؟",
        "وين تنزل الحافلات؟",
        "كيف أوصل لموقف الباص؟",
        "فين موقع الباصات؟",
        "أحتاج أعرف نقطة نزول الحافلات"
      ],
      "responses": [
        "موقف الحافلات يقع في الجهة الشرقية من الاستاد، وهو مخصص لنقل الزوار من وإلى مناطق التجمع."
      ],
      "context_set": ""
    },
    {
      "tag": "بوابة_المشاة",
      "patterns": [
        "أين مدخل المشاة؟",
        "وين البوابة اللي يدخلون منها الناس؟",
        "فين بوابة الدخول مشي؟",
        "كيف أوصل لبوابة المشاة؟",
        "أحتاج أعرف مدخل المشاة"
      ],
      "responses": [
        "بوابات المشاة موزعة حول محيط الاستاد، وتوجد لوحات واضحة تدل عليها عند الوصول."
      ],
      "context_set": ""
    },
    {
      "tag": "سعة_الاستاد",
      "patterns": [
        "كم عدد مقاعد الاستاد؟",
        "سعة ملعب الجوهرة كم؟",
        "كم يتسع استاد الملك عبدالله؟",
        "كم شخص يقدر يحضر؟",
        "كم متفرج يقدر يجلس؟"
      ],
      "responses": [
        "الاستاد يتسع لأكثر من 57,000 متفرج، وهو من أكبر الملاعب في المملكة."
      ],
      "context_set": ""
    },
    {
      "tag": "أندية_الاستاد",
      "patterns": [
        "أي أندية تلعب في استاد الجوهرة؟",
        "الملعب هذا حق أي نادي؟",
        "مين يستخدم الملعب؟",
        "هل الاتحاد يلعب هنا؟",
        "هل الأهلي يستخدم الجوهرة؟"
      ],
      "responses": [
        "الاستاد يُستخدم من قبل نادي الاتحاد ونادي الأهلي كمقر رسمي لمبارياتهما."
      ],
      "context_set": ""
    },
    {
      "tag": "موقع_الاستاد",
      "patterns": [
        "وين يقع استاد الملك عبدالله؟",
        "أين موقع ملعب الجوهرة؟",
        "كيف أوصل لاستاد الجوهرة؟",
        "الاستاد في أي حي؟",
        "الملعب هذا في أي جهة؟"
      ],
      "responses": [
        "يقع استاد الملك عبدالله شمال مدينة جدة، بالقرب من مطار الملك عبدالعزيز الدولي."
      ],
      "context_set": ""
    },
    {
      "tag": "لقب_الاستاد",
      "patterns": [
        "هل للاستاد اسم ثاني؟",
        "ليش يسمونه الجوهرة؟",
        "هل عنده لقب معين؟",
        "وش معنى الجوهرة المتألقة؟"
      ],
      "responses": [
        "الاستاد يُلقب بـ\"الجوهرة المتألقة\" بسبب تصميمه المعماري الفريد الذي يشبه الجوهرة."
      ],
      "context_set": ""
    },
    {
      "tag": "تاريخ_الاستاد",
      "patterns": [
        "متى افتتح الاستاد؟",
        "من متى موجود استاد الجوهرة؟",
        "في أي سنة بنوا الملعب؟",
        "كم عمر الملعب؟",
        "متى تم تدشينه؟"
      ],
      "responses": [
        "تم افتتاح استاد الملك عبدالله في عام 2014."
      ],
      "context_set": ""
    },
    {
      "tag": "الحضور_الجماهيري",
      "patterns": [
        "كم يحضر جمهور عادة؟",
        "كم متوسط الحضور في المباريات؟",
        "هل دايم يكون مليان؟",
        "قد ايش يحضر جمهور؟"
      ],
      "responses": [
        "متوسط الحضور في الفعاليات الكبرى يقارب 46,000 متفرج، ويصل أحيانًا إلى السعة الكاملة."
      ],
      "context_set": ""
    },
    {
      "tag": "الفعاليات_الدولية",
      "patterns": [
        "هل أقيمت بطولات دولية في الاستاد؟",
        "هل الملعب استضاف كأس العالم للأندية؟",
        "فيه فعاليات دولية هنا؟",
        "وش أهم بطولة أقيمت فيه؟"
      ],
      "responses": [
        "نعم، الاستاد استضاف كأس العالم للأندية 2023، وكان من الملاعب الرئيسية للبطولة."
      ],
      "context_set": ""
    },
    {
      "tag": "كأس_آسيا",
      "patterns": [
        "هل بيصير فيه كأس آسيا؟",
        "هل الجوهرة بيشارك في آسيا 2027؟",
        "هل بيستضيف مباريات آسيوية؟",
        "الاستاد ضمن بطولة آسيا؟"
      ],
      "responses": [
        "نعم، استاد الملك عبدالله سيكون من الملاعب التي تستضيف كأس آسيا 2027."
      ],
      "context_set": ""
    },
  {
    "tag": "الاتجاهات_والتصميم",
    "patterns": [
      "كيف اتجاه الملعب؟",
      "وش زاوية بناء الاستاد؟",
      "هل الملعب موجه جهة معينة؟",
      "كم درجة ميلان الملعب؟",
      "في أي اتجاه مواجه الاستاد؟"
    ],
    "responses": [
      "الملعب مصمم بزاوية دوران تبلغ -40°، وهذا يحقق رؤية مثالية للجمهور من مختلف الزوايا."
    ],
    "context_set": ""
  },
  {
    "tag": "تغطية_المقاعد",
    "patterns": [
      "هل كل المقاعد مغطاة؟",
      "هل فيه تظليل فوق الجمهور؟",
      "وش وضع التغطية للمقاعد؟",
      "الملعب مغطى ولا مكشوف؟",
      "فيه مظلات للجمهور؟"
    ],
    "responses": [
      "نعم، جميع مقاعد الاستاد مغطاة لتوفير الراحة للجمهور في جميع الظروف الجوية."
    ],
    "context_set": ""
  },
  {
    "tag": "إضاءة_الملعب",
    "patterns": [
      "كم شدة الإضاءة في الملعب؟",
      "هل فيه إضاءة قوية؟",
      "وش نظام الإضاءة؟",
      "كم لوكس الإضاءة؟",
      "هل الإضاءة مناسبة للتلفزيون؟"
    ],
    "responses": [
      "نظام الإضاءة في الاستاد يوفر شدة إضاءة تصل إلى 2,500 لوكس، وتتناسب مع المعايير الدولية للبث التلفزيوني."
    ],
    "context_set": ""
  },
  {
    "tag": "الشاشات_الداخلية",
    "patterns": [
      "كم عدد الشاشات في الملعب؟",
      "هل فيه شاشات عرض كبيرة؟",
      "فيه شاشات للجمهور؟",
      "وين الشاشات داخل الاستاد؟",
      "هل أقدر أشوف الإعادة داخل الملعب؟"
    ],
    "responses": [
      "يوجد داخل الاستاد شاشتان عملاقتان تُستخدمان لعرض النتائج والإعادات والتفاعل مع الجمهور."
    ],
    "context_set": ""
  },
  {
    "tag": "أبعاد_الملعب",
    "patterns": [
      "كم مقاس الملعب؟",
      "وش أبعاد أرضية اللعب؟",
      "ما هو حجم الملعب؟",
      "كم الطول والعرض؟",
      "أبعاد الملعب كم؟"
    ],
    "responses": [
      "أبعاد أرضية اللعب هي 105 متر × 68 متر، بينما المساحة الكلية للملعب تبلغ 125 متر × 85 متر."
    ],
    "context_set": ""
  },
  {
    "tag": "نوع_أرضية_الملعب",
    "patterns": [
      "ما نوع أرضية الملعب؟",
      "هل العشب طبيعي؟",
      "الملعب عشبه صناعي ولا طبيعي؟",
      "وش نوع التربة؟",
      "هل الأرضية هجينة؟"
    ],
    "responses": [
      "أرضية الاستاد من النوع الهجين، مطابقة لمعايير كأس العالم FIFA World Cup™."
    ],
    "context_set": ""
  },
  {
    "tag": "المرافق_الرياضية",
    "patterns": [
      "ما المرافق الموجودة في المدينة الرياضية؟",
      "وش فيه غير الملعب؟",
      "هل فيه مضمار أو ملاعب تنس؟",
      "الملعب ضمن مجمع رياضي؟",
      "هل فيه صالة رياضية داخلية؟"
    ],
    "responses": [
      "نعم، المدينة الرياضية تحتوي على ملاعب تدريب، مضمار ألعاب قوى، ملاعب تنس، صالة رياضية متعددة الاستخدامات، ومرافق إضافية للاعبين والحكام."
    ],
    "context_set": ""
  },
  {
    "tag": "مرافق_ذوي_الاحتياجات",
    "patterns": [
      "هل فيه مرافق لذوي الاحتياجات؟",
      "كم عدد مقاعد ذوي الإعاقة؟",
      "هل فيه حمامات مخصصة؟",
      "وش الخدمات لذوي الاحتياجات؟",
      "هل فيه مواقف خاصة؟"
    ],
    "responses": [
      "يوجد 564 مقعد مخصص، و28 دورة مياه، و151 موقف لذوي الاحتياجات الخاصة داخل وحول الاستاد."
    ],
    "context_set": ""
  },
  {
    "tag": "سعة_الضيافة",
    "patterns": [
      "كم عدد مقاعد الضيافة؟",
      "هل فيه مقاعد VIP؟",
      "وش عدد مقاعد VVIP؟",
      "كم عدد مقاعد كبار الشخصيات؟",
      "كم سكاي بوكس فيه؟"
    ],
    "responses": [
      "يوجد 4,416 مقعد ضيافة، 1,032 VIP، 163 VVIP، بالإضافة إلى 1,462 مقعد سكاي بوكس داخل 54 جناحًا."
    ],
    "context_set": ""
  },
  {
    "tag": "سعة_الإعلام",
    "patterns": [
      "كم عدد مقاعد الإعلام؟",
      "فيه مكان للصحفيين؟",
      "وش عدد الكراسي المخصصة للإعلام؟",
      "هل فيه منصة إعلامية؟",
      "فين يجلس الإعلاميين؟"
    ],
    "responses": [
      "يوجد 1,584 مقعد مخصص للإعلاميين داخل منصة مخصصة تطل مباشرة على أرض الملعب."
    ],
    "context_set": ""
  },

    {
      "tag": "سعة_الاستاد_النهائية",
      "patterns": [
        "كم السعة الإجمالية للاستاد؟",
        "وش الفرق بين السعة الإجمالية والصافية؟",
        "كم عدد الجمهور الكلي؟",
        "كم عدد الكراسي فعليًا؟",
        "كم المقاعد بعد خصم المرافق؟"
      ],
      "responses": [
        "السعة الإجمالية للاستاد هي 58,432، بينما السعة الصافية (المتاحة للحضور) هي 54,127 مقعد."
      ],
      "context_set": ""
    },
    {
      "tag": "استعمال_المستقبل",
      "patterns": [
        "وش الاستخدام المستقبلي للملعب؟",
        "الملعب بعد البطولات وش بيصير؟",
        "هل بيصير ملعب المنتخب؟",
        "بيستخدمونه بعدين لأي شي؟",
        "هل هو مخصص للمنتخب؟"
      ],
      "responses": [
        "الاستخدام الأساسي المستقبلي للاستاد هو ليكون الملعب الرئيسي للمنتخب السعودي الوطني."
      ],
      "context_set": ""
    },
    {
      "tag": "مالك_الاستاد",
      "patterns": [
        "من يملك الملعب؟",
        "مين المالك الرسمي؟",
        "الاستاد تابع لأي جهة؟",
        "مين يمتلك استاد الجوهرة؟",
        "وزارة مين مسؤولة عن الاستاد؟"
      ],
      "responses": [
        "الاستاد مملوك من قبل وزارة الرياضة في المملكة العربية السعودية."
      ],
      "context_set": ""
    },
    {
      "tag": "مشغل_الاستاد",
      "patterns": [
        "من يشغل الاستاد؟",
        "مين مسؤول عن تشغيله؟",
        "مين يدير ملعب الجوهرة؟",
        "التشغيل تابع لأي جهة؟",
        "هل وزارة الرياضة مسؤولة عن التشغيل؟"
      ],
      "responses": [
        "تشغيل الاستاد يتم بإشراف وزارة الرياضة السعودية."
      ],
      "context_set": ""
    },
    {
      "tag": "الفعاليات_الرياضية",
      "patterns": [
        "وش الفعاليات اللي تقام في الاستاد؟",
        "هل تقام بطولات دولية؟",
        "فيه مباريات مهمة في الملعب؟",
        "هل استضاف بطولات عالمية؟",
        "فيه أحداث كبيرة تقام فيه؟"
      ],
      "responses": [
        "الاستاد استضاف عدة فعاليات كبيرة مثل كأس العالم للأندية، ومباريات دولية، وسيتضمن كأس آسيا 2027."
      ],
      "context_set": ""
    },
    {
      "tag": "الهندسة_المعمارية",
      "patterns": [
        "ليش يسمونه الجوهرة؟",
        "وش سبب التسمية؟",
        "هل له تصميم خاص؟",
        "ليه مختلف عن باقي الملاعب؟",
        "شكل الاستاد مميز؟"
      ],
      "responses": [
        "تمت تسميته بالجوهرة بسبب تصميمه الهندسي الفريد الذي يُشبه الجوهرة المتألقة، مما يميزه عن غيره."
      ],
      "context_set": ""
    },
    {
      "tag": "عدد_الشاشات",
      "patterns": [
        "كم شاشة في الاستاد؟",
        "هل فيه شاشات ضخمة؟",
        "وين تعرض الإعادات؟",
        "هل فيه أكثر من شاشة؟",
        "كم عدد شاشات العرض؟"
      ],
      "responses": [
        "يوجد داخل الاستاد شاشتان كبيرتان تعرضان النتائج، الإعادات، والمعلومات أثناء المباريات."
      ],
      "context_set": ""
    },
    {
      "tag": "اسم_الاستاد",
      "patterns": [
        "ما اسم الاستاد؟",
        "وش اسم الملعب؟",
        "الملعب هذا اسمه ايش؟",
        "اسم ملعب الجوهرة كامل؟",
        "إيش الاسم الرسمي للاستاد؟"
      ],
      "responses": [
        "الاسم الرسمي هو استاد مدينة الملك عبدالله الرياضية، ويُعرف أيضًا بالجوهرة المتألقة."
      ],
      "context_set": ""
    },
    {
      "tag": "قدرات_الشات_بوت",
      "patterns": [
        "ساعدني الآن",
        "كيف أستعملك؟",
        "ما الذي يمكنك فعله؟",
        "أعطني قائمة بخدماتك",
        "ما هي قدراتك؟",
        "كيف يمكنني استخدامك؟",
        "هل يمكنك مساعدتي؟",
        "ما الأشياء التي تجيدها؟",
        "كيف أبدأ معك؟"
      ],
      "responses": [
        "أنا FanBot Chat، تم تطويري في عام 2023 للمساعدة في الإجابة على استفسارات الزوار والمشجعين. فقط اطرح سؤالك بوضوح وسأرد عليك."
      ],
      "context_set": ""
    },
    {
      "tag": "أمان_المحادثة",
      "patterns": [
        "هل المحادثة آمنة؟",
        "هل بياناتي محفوظة؟",
        "هل معلوماتي محمية؟",
        "هل هذه الدردشة موثوقة؟",
        "هل يمكن اختراق هذه الدردشة؟",
        "كيف تحمون بياناتي؟",
        "هل هذه الخدمة آمنة؟",
        "هل معلوماتي البنكية آمنة؟"
      ],
      "responses": [
        "نعم، تتم حماية المحادثات والبيانات وفق معايير مركز الأمن السيبراني بجامعة الملك عبدالعزيز. كل شيء مشفر وسري وآمن."
      ],
      "context_set": ""
    },
    {
      "tag": "وداعا",
      "patterns": [
        "وداعًا",
        "في أمان الله",
        "أراك لاحقًا",
        "باي",
        "إلى اللقاء"
      ],
      "responses": [
        "وداعًا، سعدت بخدمتك. إذا احتجت شيئًا لاحقًا لا تتردد في الرجوع لي."
      ],
      "context_set": ""
    },
    {
      "tag": "رد_سلبي",
      "patterns": [
        "أنت غبي",
        "أكرهك",
        "أنت مزعج",
        "ممل جدًا",
        "أنت فاشل",
        "حرقت أعصابي",
        "أنت محبط"
      ],
      "responses": [
        "أعتذر إذا سببت لك أي إزعاج. هدفي مساعدتك بأفضل طريقة ممكنة. يمكنك دائمًا سؤالي عن أي شيء ترغب به."
      ],
      "context_set": ""
    },
    {
      "tag": "عن_الشات_بوت",
      "patterns": [
        "من أنت؟",
        "ما اسمك؟",
        "متى تم تطويرك؟",
        "ما وظيفتك؟",
        "أخبرني عنك",
        "هل لديك اسم؟",
        "هل أنت إنسان؟",
        "هل أنت روبوت؟"
      ],
      "responses": [
        "أنا FanBot Chat، تم تطويري في عام 2023 للمساعدة في الإجابة على استفسارات الزوار والمشجعين"
      ],
      "context_set": ""
    },
    {
      "tag": "ردود_إيجابية",
      "patterns": [
        "أنت رائع",
        "أحب مساعدتك",
        "يعطيك العافية",
        "أنت ممتاز",
        "شكرا جزيلا",
        "مفيد جدًا",
        "أنت الأفضل"
      ],
      "responses": [
        "شكرًا لك! يسعدني أن أكون عند حسن ظنك. أنا هنا دائمًا لمساعدتك بكل ما تحتاجه داخل الاستاد."
      ],
      "context_set": ""
    },
    {
      "tag": "انهاء_المحادثة",
      "patterns": [
        "شكرا إلى اللقاء",
        "انتهيت",
        "باي",
        "مع السلامة",
        "ما عاد أحتاج شيء",
        "خلاص"
      ],
      "responses": [
        "شكرًا لتواصلك مع FanBot Chat، نتمنى لك وقتًا ممتعًا في استاد الجوهرة. لا تتردد في العودة متى احتجت أي مساعدة!"
      ],
      "context_set": ""
    },
    {
      "tag": "طلب_موظف",
      "patterns": [
        "أريد التحدث إلى شخص حقيقي",
        "هل يمكنك تحويلي لموظف؟",
        "أحتاج موظف يساعدني",
        "اربطني مع أحد",
        "هل يوجد شخص بشري؟",
        "أبغى موظف يتواصل معي"
      ],
      "responses": [
        "أنا FanBot Chat، أقدر أجاوب على أغلب الأسئلة المتعلقة بالاستاد. إذا كنت تحتاج مساعدة خاصة، يُرجى التوجه إلى أقرب مكتب استعلامات داخل الاستاد."
      ],
      "context_set": ""
    },
    {
      "tag": "تحية",
      "patterns": [
        "مرحبا",
        "السلام عليكم",
        "هلا",
        "أهلًا",
        "صباح الخير",
        "مساء الخير"
      ],
      "responses": [
        "أهلًا وسهلًا بك في FanBot Chat! كيف أقدر أساعدك اليوم؟"
      ],
      "context_set": ""
    },
    {
      "tag": "هل_أنت_روبوت",
      "patterns": [
        "هل أنت روبوت؟",
        "هل أنا أكلم إنسان؟",
        "هل أنت شات بوت؟",
        "هل هذه دردشة تلقائية؟",
        "هل أنت حقيقي؟"
      ],
      "responses": [
        "أنا FanBot Chat، مساعد ذكي مصمم لخدمتك داخل استاد مدينة الملك عبدالله الرياضية."
      ],
      "context_set": ""
    },
    {
      "tag": "طلب_نكتة",
      "patterns": [
        "قل لي نكتة",
        "أريد نكتة مضحكة",
        "فاجئني بشيء يضحك",
        "هل تعرف نكتة؟",
        "عطني شي يضحكني"
      ],
      "responses": [
        "أنا هنا لمساعدتك في كل ما يخص الاستاد، لكن النكت خليها بعد المباراة 😄"
      ],
      "context_set": ""
    },
    {
      "tag": "أي_شيء_غير_مفهوم",
      "patterns": [
        "",
        "؟؟؟",
        "ما فهمتني؟",
        "ما فهمت عليك",
        "وش تقصد؟"
      ],
      "responses": [
        "عذرًا، ما قدرت أفهم سؤالك. ممكن تعيد صياغته أو تسألني عن شيء يخص استاد الجوهرة؟"
      ],
      "context_set": ""
    },
    {
      "tag": "المطور",
      "patterns": [
        "من صممك؟",
        "مين برمجك؟",
        "من طورك؟",
        "من أنشأك؟",
        "مين وراك؟"
      ],
      "responses": [
        "تم تطويري كمساعد ذكي لخدمة زوار استاد مدينة الملك عبدالله الرياضية، بهدف تسهيل تجربتك وتقديم معلومات دقيقة وسريعة."
      ],
      "context_set": ""
    },
    {
      "tag": "مرافق_الاستاد",
      "patterns": [
        "وش المرافق الموجودة؟",
        "فيه ملاعب تدريب؟",
        "هل فيه مسارات مشي؟",
        "وش فيه غير الملعب؟",
        "المنطقة الرياضية فيها ايش؟"
      ],
      "responses": [
        "الاستاد محاط بمرافق رياضية متعددة، تشمل ملاعب تدريب، مضمار، صالات داخلية، ملاعب تنس، ومرافق مجتمعية."
      ],
      "context_set": ""
    },
    {
      "tag": "اسم_الاستاد",
      "patterns": [
        "وش اسم الاستاد؟",
        "اسم ملعب الجوهرة؟",
        "إيش اسمه الكامل؟",
        "اسم استاد جدة؟",
        "الملعب هذا اسمه ايش؟"
      ],
      "responses": [
        "الاسم الرسمي هو استاد مدينة الملك عبدالله الرياضية، ويُعرف أيضًا باسم الجوهرة المتألقة."
      ],
      "context_set": ""
    }
    
  ]]
  


]